username,review_count
Michael,1
Donna,1
Hassan,1
Zambrano,1
Tiziana,1
Faton,1
Norma,1
Giulia,1
Pavel,1
Mahmood,1
Diego_mor,1
Jamie,1
Keisha,1
Israel,1
Olivia,1
William,1
Lim,1
Gama,1
Lesley,1
Barbosa,1
Huiming,1
Evgeny,1
Emily,1
Ouedherfi,1
Terry,1
Bukin,1
Bihanze,1
Julia,1
Gabriel,1
Mihaela,1
Martia,1
Graham,1
Marijke,1
Lucie,1
Zainulabden,1
Marjolijne,1
Davis,1
Jure,1
Jongsun,1
Yvonne,1
Dmitrijs,1
Belinda,1
Glushenkov,1
Martin,1
Susan,1
Magdalena,1
Lasse,1
Antoinette,1
Anton,1
Anjia,1
Guy,1
Reyhan,1
Patricia,1
Roman,1
Yi,1
Angela,1
Irina,1
Kanlayanee,1
Jeonggyu,1
Viktoria,1
Barry,1
Andreas,1
Karen,1
Pesah,1
Nina,1
Ecaterina,1
Popa,1
Marco,1
Dubkova,1
Sophie,1
Ivica,1
Lenuta,1
Caroline,1
Heloar,1
Steven,1
Stefan,1
Laurence,1
Stefana,1
Mira,1
Donald,1
Helene,1
Pensa,1
Daniel,1
Cyrille,1
Sean,1
Shay,1
Yuxin,1
Eli,1
Sofia,1
Dumitru,1
Isabela,1
Catalin-ionut,1
